{
  "AWSTemplateFormatVersion": "2010-09-09",
  "Description": "srv-web",
  "Resources": {
    "VPC": {
      "Type": "AWS::EC2::VPC",
      "Properties": {
        "CidrBlock": "10.0.0.0/16"
      }
    },
    "InternetGateway": {
      "Type": "AWS::EC2::InternetGateway"
    },
    "AttachGateway": {
      "Type": "AWS::EC2::VPCGatewayAttachment",
      "Properties": {
        "VpcId": { "Ref": "VPC" },
        "InternetGatewayId": { "Ref": "InternetGateway" }
      }
    },
    "PublicSubnet": {
      "Type": "AWS::EC2::Subnet",
      "Properties": {
        "VpcId": { "Ref": "VPC" },
        "CidrBlock": "10.0.0.0/24",
        "MapPublicIpOnLaunch": true
      }
    },
    "InternetRouteTable": {
      "Type": "AWS::EC2::RouteTable",
      "Properties": {
        "VpcId": { "Ref": "VPC" }
      }
    },
    "PublicRoute": {
      "Type": "AWS::EC2::Route",
      "DependsOn": "AttachGateway",
      "Properties": {
        "RouteTableId": { "Ref": "InternetRouteTable" },
        "DestinationCidrBlock": "0.0.0.0/0",
        "GatewayId": { "Ref": "InternetGateway" }
      }
    },
    "SubnetRouteTableAssociation": {
      "Type": "AWS::EC2::SubnetRouteTableAssociation",
      "Properties": {
        "SubnetId": { "Ref": "PublicSubnet" },
        "RouteTableId": { "Ref": "InternetRouteTable" }
      }
    },
    "WebServerSecurityGroup": {
      "Type": "AWS::EC2::SecurityGroup",
      "Properties": {
        "GroupDescription": "Security group for the srv-web",
        "VpcId": { "Ref": "VPC" },
        "SecurityGroupIngress": [
          {
            "IpProtocol": "tcp",
            "FromPort": "22",
            "ToPort": "22",
            "CidrIp": "0.0.0.0/0"
          },
          {
            "IpProtocol": "tcp",
            "FromPort": "80",
            "ToPort": "80",
            "CidrIp": "0.0.0.0/0"
          },
          {
            "IpProtocol": "icmp",
            "FromPort": -1,
            "ToPort": -1,
            "CidrIp": "0.0.0.0/0"
          }
        ]
      }
    },
    "WebServerInstance": {
      "Type": "AWS::EC2::Instance",
      "Properties": {
        "InstanceType": "t2.micro",
        "ImageId": "ami-01bc990364452ab3e",
        "SubnetId": { "Ref": "PublicSubnet" },
        "SecurityGroupIds": [
          { "Ref": "WebServerSecurityGroup" }
        ],
        "KeyName": "key-pair",
        "UserData": {
          "Fn::Base64": {
            "Fn::Join": [
              "",
              [
                "#!/bin/bash -xe\n",
                "yum update -y\n",
                "yum install -y httpd git\n",
                "service httpd start\n",
                "chkconfig httpd on\n",
                "git clone https://bitbucket.org/fhoubart/testphaser_aws.git /var/www/html/testphaser_aws\n",
                "cat <<EOF >> /etc/httpd/conf/httpd.conf\n",
                "<VirtualHost *:80>\n",
                "    DocumentRoot \"/var/www/html/testphaser_aws/public_html/\"\n",
                "    <Directory \"/var/www/html/testphaser_aws/public_html/\">\n",
                "        Options Indexes FollowSymLinks\n",
                "        AllowOverride All\n",
                "        Require all granted\n",
                "    </Directory>\n",
                "</VirtualHost>\n",
                "EOF\n",
                "service httpd restart\n"
              ]
            ]
          }
        }
      }
    }
  }
}